/*-**************-*\
Colonialist Legacies' Australia
Units
Civitar
\*-**************-*/

INSERT INTO Units (Type,								Class,							Description,								Civilopedia,										Strategy,												Help,												PrereqTech,					ObsoleteTech,			GoodyHutUpgradeUnitClass,	Combat,	Cost,	FaithCost,	Moves,	CombatClass,		Domain,			DefaultUnitAI,		MilitarySupport,	MilitaryProduction,	Pillage,	IgnoreBuildingDefense,	AdvancedStartCost,	XPValueAttack,	XPValueDefense,	UnitArtInfo,								UnitFlagAtlas,					UnitFlagIconOffset,	IconAtlas,				PortraitIndex) VALUES
				  ('UNIT_CL_AUSTRALIA_DIGGER',			'UNITCLASS_GREAT_WAR_INFANTRY',	'TXT_KEY_UNIT_CL_AUSTRALIA_DIGGER',			'TXT_KEY_UNIT_CL_AUSTRALIA_DIGGER_PEDIA',			'TXT_KEY_UNIT_CL_AUSTRALIA_DIGGER_STRATEGY',			'TXT_KEY_UNIT_CL_AUSTRALIA_DIGGER_HELP',			'TECH_REPLACEABLE_PARTS',	'TECH_MOBILE_TACTICS',	'UNITCLASS_INFANTRY',		50,		320,	640,		2,		'UNITCOMBAT_GUN',	'DOMAIN_LAND',	'UNITAI_DEFENSE',	1,					1,					1,			1,						30,					3,				3,				'ART_DEF_UNIT_CL_AUSTRALIA_DIGGER',			'CL_AUSTRALIA_UNIT_FLAG_ATLAS',	0,					'CL_AUSTRALIA_ATLAS',	2),
				  ('UNIT_CL_AUSTRALIA_PRIME_MINISTER',	'UNITCLASS_WRITER',				'TXT_KEY_UNIT_CL_AUSTRALIA_PRIME_MINISTER',	'TXT_KEY_UNIT_CL_AUSTRALIA_PRIME_MINISTER_PEDIA',	'TXT_KEY_UNIT_CL_AUSTRALIA_PRIME_MINISTER_STRATEGY',	'TXT_KEY_UNIT_CL_AUSTRALIA_PRIME_MINISTER_HELP',	NULL,						NULL,					NULL,						0,		-1,		0,			2,		NULL,				'DOMAIN_LAND',	'UNITAI_WRITER',	0,					0,					0,			0,						-1,					0,				0,				'ART_DEF_UNIT_CL_AUSTRALIA_PRIME_MINISTER',	'CL_AUSTRALIA_UNIT_FLAG_ATLAS',	1,					'CL_AUSTRALIA_ATLAS',	3),
				  ('UNIT_CL_AUSTRALIA_WORKER',			'UNITCLASS_WORKER',				'TXT_KEY_UNIT_WORKER',						'TXT_KEY_CIV5_ANTIQUITY_WORKER_TEXT',				'TXT_KEY_UNIT_WORKER_STRATEGY',							'TXT_KEY_UNIT_HELP_WORKER',							NULL,						NULL,					NULL,						0,		70,		0,			2,		NULL,				'DOMAIN_LAND',	'UNITAI_WORKER',	0,					0,					0,			0,						20,					0,				0,				'ART_DEF_UNIT__WORKER',						'UNIT_FLAG_ATLAS',				1,					'UNIT_ATLAS_1',			1);
UPDATE Units SET RequiresFaithPurchaseEnabled = 1 WHERE Type = 'UNIT_CL_AUSTRALIA_DIGGER';
UPDATE Units SET CivilianAttackPriority = 'CIVILIAN_ATTACK_PRIORITY_HIGH', Special = 'SPECIALUNIT_PEOPLE', WorkRate = 1, CombatLimit = 0, BaseCultureTurnsToCount = 8, MoveRate = 'GREAT_PERSON' WHERE Type = 'UNIT_CL_PRIME_MINISTER';
UPDATE Units SET ShowInPedia = 0, Capture = 'UNITCLASS_WORKER', CivilianAttackPriority = 'CIVILIAN_ATTACK_PRIORITY_LOW', WorkRate = 100, CombatLimit = 0, UnitArtInfoEraVariation = 1 WHERE Type = 'UNIT_CL_AUSTRALIA_WORKER';
INSERT INTO Unit_ClassUpgrades (UnitType,					UnitClassType) VALUES
							   ('UNIT_CL_AUSTRALIA_DIGGER',	'UNITCLASS_MECHANIZED_INFANTRY'),
							   ('UNIT_CL_AUSTRALIA_WORKER',	'UNITCLASS_GREAT_WAR_INFANTRY');
INSERT INTO Unit_FreePromotions (UnitType,								PromotionType) VALUES
								('UNIT_CL_AUSTRALIA_DIGGER',			'PROMOTION_COVER_1'),
								('UNIT_CL_AUSTRALIA_DIGGER',			'PROMOTION_CL_AUSTRALIA_DIGGER_FOREIGN_BONUS'),
								('UNIT_CL_AUSTRALIA_DIGGER',			'PROMOTION_CL_AUSTRALIA_DIGGER_COAST_BONUS_DUMMY'),
								('UNIT_CL_AUSTRALIA_PRIME_MINISTER',	'PROMOTION_CL_AUSTRALIA_PRIME_MINISTER_TOURISM'),
								('UNIT_CL_AUSTRALIA_WORKER',			'PROMOTION_CL_AUSTRALIA_WORKER_UPGRADE');
INSERT INTO Unit_UniqueNames (UnitType,								UniqueName,									GreatWorkType) VALUES
							 ('UNIT_CL_AUSTRALIA_PRIME_MINISTER',	'TXT_KEY_GREAT_PERSON_CL_MALCOLM_FRASER',	'GREAT_WORK_CL_BROADCAST_OPENING'),
							 ('UNIT_CL_AUSTRALIA_PRIME_MINISTER',	'TXT_KEY_GREAT_PERSON_CL_BOB_HAWKE',		'GREAT_WORK_CL_ELDERS'),
							 ('UNIT_CL_AUSTRALIA_PRIME_MINISTER',	'TXT_KEY_GREAT_PERSON_CL_ROBERT_MENZIES',	'GREAT_WORK_CL_ON_PROGRESS'),
							 ('UNIT_CL_AUSTRALIA_PRIME_MINISTER',	'TXT_KEY_GREAT_PERSON_CL_ALFRED_DEAKIN',	'GREAT_WORK_CL_PARLIAMENTARY_DEBATE'),
							 ('UNIT_CL_AUSTRALIA_PRIME_MINISTER',	'TXT_KEY_GREAT_PERSON_CL_KEVIN_RUDD',		'GREAT_WORK_CL_APOLOGY_TO_ABORIGINALS'),
							 ('UNIT_CL_AUSTRALIA_PRIME_MINISTER',	'TXT_KEY_GREAT_PERSON_CL_JOHN_CURTIN',		'GREAT_WORK_CL_SPEECH_TO_THE_HOUSE'),
							 ('UNIT_CL_AUSTRALIA_PRIME_MINISTER',	'TXT_KEY_GREAT_PERSON_CL_EDMUND_BARTON',	'GREAT_WORK_CL_JANUARY_1_1901'),
							 ('UNIT_CL_AUSTRALIA_PRIME_MINISTER',	'TXT_KEY_GREAT_PERSON_CL_ANDREW_FISHER',	'GREAT_WORK_CL_ON_ENLISTMENT'),
							 ('UNIT_CL_AUSTRALIA_PRIME_MINISTER',	'TXT_KEY_GREAT_PERSON_CL_BEN_CHIFLEY',		'GREAT_WORK_CL_LIGHT_ON_THE_HILL'),
							 ('UNIT_CL_AUSTRALIA_PRIME_MINISTER',	'TXT_KEY_GREAT_PERSON_CL_JOHN_HOWARD',		'GREAT_WORK_CL_ABC_RADIO'),
							 ('UNIT_CL_AUSTRALIA_PRIME_MINISTER',	'TXT_KEY_GREAT_PERSON_CL_GOUGH_WHITLAM',	'GREAT_WORK_CL_UPON_BEING_SACKED'),
							 ('UNIT_CL_AUSTRALIA_PRIME_MINISTER',	'TXT_KEY_GREAT_PERSON_CL_JULIA_GILLARD',	'GREAT_WORK_CL_ABC_LATELINE'),
							 ('UNIT_CL_AUSTRALIA_PRIME_MINISTER',	'TXT_KEY_GREAT_PERSON_CL_HAROLD_HOLT',		'GREAT_WORK_CL_MINISTRY_OF_LABOR'),
							 ('UNIT_CL_AUSTRALIA_PRIME_MINISTER',	'TXT_KEY_GREAT_PERSON_CL_PAUL_KEATING',		'GREAT_WORK_CL_CONCESSION_SPEECH'),
							 ('UNIT_CL_AUSTRALIA_PRIME_MINISTER',	'TXT_KEY_GREAT_PERSON_CL_BILLY_HUGHES',		'GREAT_WORK_CL_UPON_LEAVING_LABOR_PARTY'),
							 ('UNIT_CL_AUSTRALIA_PRIME_MINISTER',	'TXT_KEY_GREAT_PERSON_CL_STANLEY_BRUCE',	'GREAT_WORK_CL_REFERENDUM'),
							 ('UNIT_CL_AUSTRALIA_PRIME_MINISTER',	'TXT_KEY_GREAT_PERSON_CL_MALCOLM_TURNBULL',	'GREAT_WORK_CL_SMH_2012'),
							 ('UNIT_CL_AUSTRALIA_PRIME_MINISTER',	'TXT_KEY_GREAT_PERSON_CL_TONY_ABBOTT',		'GREAT_WORK_CL_INTERVIEW_WITH_MARK_RILEY');
INSERT INTO Unit_Builds (UnitType,						BuildType) VALUES
						('UNIT_CL_AUSTRALIA_WORKER',	'BUILD_ROAD'),
						('UNIT_CL_AUSTRALIA_WORKER',	'BUILD_RAILROAD'),
						('UNIT_CL_AUSTRALIA_WORKER',	'BUILD_FARM'),
						('UNIT_CL_AUSTRALIA_WORKER',	'BUILD_MINE'),
						('UNIT_CL_AUSTRALIA_WORKER',	'BUILD_TRADING_POST'),
						('UNIT_CL_AUSTRALIA_WORKER',	'BUILD_LUMBERMILL'),
						('UNIT_CL_AUSTRALIA_WORKER',	'BUILD_PASTURE'),
						('UNIT_CL_AUSTRALIA_WORKER',	'BUILD_CAMP'),
						('UNIT_CL_AUSTRALIA_WORKER',	'BUILD_PLANTATION'),
						('UNIT_CL_AUSTRALIA_WORKER',	'BUILD_QUARRY'),
						('UNIT_CL_AUSTRALIA_WORKER',	'BUILD_WELL'),
						('UNIT_CL_AUSTRALIA_WORKER',	'BUILD_FORT'),
						('UNIT_CL_AUSTRALIA_WORKER',	'BUILD_REMOVE_JUNGLE'),
						('UNIT_CL_AUSTRALIA_WORKER',	'BUILD_REMOVE_MARSH'),
						('UNIT_CL_AUSTRALIA_WORKER',	'BUILD_REMOVE_FOREST'),
						('UNIT_CL_AUSTRALIA_WORKER',	'BUILD_SCRUB_FALLOUT'),
						('UNIT_CL_AUSTRALIA_WORKER',	'BUILD_REPAIR'),
						('UNIT_CL_AUSTRALIA_WORKER',	'BUILD_REMOVE_ROUTE');
INSERT INTO Unit_Flavors (UnitType,								FlavorType,					Flavor) VALUES
						 ('UNIT_CL_AUSTRALIA_DIGGER',			'FLAVOR_OFFENSE',			12),
						 ('UNIT_CL_AUSTRALIA_DIGGER',			'FLAVOR_DEFENSE',			12),
						 ('UNIT_CL_AUSTRALIA_PRIME_MINISTER',	'FLAVOR_CULTURE',			1),
						 ('UNIT_CL_AUSTRALIA_WORKER',			'FLAVOR_TILE_IMPROVEMENT',	30);
INSERT INTO Unit_AITypes (UnitType,								UnitAIType) VALUES
						 ('UNIT_CL_AUSTRALIA_DIGGER',			'UNITAI_ATTACK'),
						 ('UNIT_CL_AUSTRALIA_DIGGER',			'UNITAI_DEFENSE'),
						 ('UNIT_CL_AUSTRALIA_DIGGER',			'UNITAI_EXPLORE'),
						 ('UNIT_CL_AUSTRALIA_PRIME_MINISTER',	'UNITAI_WRITER'),
						 ('UNIT_CL_AUSTRALIA_WORKER',			'UNITAI_WORKER');
INSERT INTO UnitGameplay2DScripts (UnitType,							SelectionSound,			FirstSelectionSound) VALUES
								  ('UNIT_CL_AUSTRALIA_DIGGER',			'AS2D_SELECT_INFANTRY',	'AS2D_BIRTH_INFANTRY'),
								  ('UNIT_CL_AUSTRALIA_PRIME_MINISTER',	'AS2D_BUILD_UNIT',		'AS2D_BUILD_UNIT'),
								  ('UNIT_CL_AUSTRALIA_WORKER',			'AS2D_SELECT_WORKER',	'AS2D_SELECT_WORKER');